## ðŸ§¾ Contexto

Como analista de datos en una universidad, se te ha encargado la explotaciÃ³n de una base de datos que permita gestionar estudiantes, profesores, cursos y matrÃ­culas. AdemÃ¡s, deberÃ¡s demostrar habilidades en consultas SQL, Ã­ndices, vistas, procedimientos y funciones. Si la base de datos no estuvira creada, a continuaciÃ³n tienes el [init.sql](docker-init/init.sql).

## Base de datos en docker

Crea una carpeta y aÃ±ade el fichero **docker-compose.yml** y el directorio **docker-init**.

Ejecuta a continuaciÃ³n el siguiente comando:

```sql
docker compose up -d 
```

Obtendrar una salida similar a la siguiente:

```console
 docker compose up -d   
[+] Running 2/2
 âœ” Container adminer_container  Started                                                                                                             0.9s 
 âœ” Container mysql_container    Started    
```

A continuaciÃ³n ejecuta el siguiente comando:

```console
docker exec -it mysql_container mysql -u root -p
```

Indica el *password* que es **bae**.

A continuaciÃ³n debes de estar dentro de la consola:

```sql
....
....
....
Type 'help;' or '\h' for help. Type '\c' to clear the current input statement.

mysql>
```

> **IMPORTANTE**: *Para salir de la consola se debe de ejecutar* ***exit***.

Verifica las bases de datos que tienes cargadas: (*SHOW DATABASES;*)

```console
SHOW DATABASES;
+--------------------+
| Database           |
+--------------------+
| bae                |
| information_schema |
| mysql              |
| performance_schema |
| sys                |
| universidad        |
+--------------------+
6 rows in set (0.00 sec)
```

Usa la base de datos **universidad**: (*use universidad;*)

```console
use universidad;
Reading table information for completion of table and column names
You can turn off this feature to get a quicker startup with -A

Database changed
```

TambiÃ©n podemos acceder a travÃ©s del navegador. Para ello utilizaremos **Adminer** porque *simula la lÃ­nea de comandos, y nos ayuda a aprender*. Una vez que accedas a [http://localhost:8099](http://localhost:8099), Adminer te pedirÃ¡ los siguientes datos:

> Puedes consultar la documentaciÃ³n [aquÃ­](https://www.adminer.org/en/).

- **Sistema**: `MySQL`
- **Servidor**: `db`  
  *Es el nombre del servicio del contenedor MySQL dentro del mismo `docker-compose` (Adminer y MySQL estÃ¡n en la misma red `db-network`).*
- **Usuario**: `bae`
- **ContraseÃ±a**: `bae`

> ***Lee atentamente cada una de los puntos y cuestiones y realiza***.

## ðŸ”Ž Parte 1: Consultas SQL

### A. Consultas Simples

1. Mostrar todos los cursos disponibles.

```sql
mysql> select * from cursos;
+----+----------------------+-------------+----------+
| id | nombre               | profesor_id | creditos |
+----+----------------------+-------------+----------+
|  1 | Ãlgebra Lineal      |           1 |        6 |
|  2 | ProgramaciÃ³n I      |           2 |        5 |
|  3 | MecÃ¡nica ClÃ¡sica   |           3 |        6 |
|  4 | Estructuras de Datos |           2 |        5 |
|  5 | CÃ¡lculo I           |           1 |        6 |
+----+----------------------+-------------+----------+
5 rows in set (0.001 sec)
```

2. Mostrar el nombre de todos los profesores.

```sql
mysql> select nombre from profesores;
+------------------+
| nombre           |
+------------------+
| Dra. Ana Torres  |
| Dr. Luis GÃ³mez  |
| Dra. Marta DÃ­az |
+------------------+
3 rows in set (0.001 sec)
```

3. Listar todas las matrÃ­culas.

```sql
mysql> select * from matriculas;
+----+---------------+----------+------------+
| id | estudiante_id | curso_id | fecha      |
+----+---------------+----------+------------+
|  1 |             1 |        1 | 2021-09-01 |
|  2 |             2 |        2 | 2022-09-01 |
|  3 |             3 |        3 | 2023-09-02 |
|  4 |             4 |        4 | 2024-09-03 |
|  5 |             1 |        5 | 2020-09-04 |
|  6 |             2 |        4 | 2022-09-05 |
|  7 |             3 |        1 | 2023-09-06 |
|  8 |             4 |        2 | 2024-09-06 |
+----+---------------+----------+------------+
8 rows in set (0.003 sec)
```

4. Ver los nombres y correos de los estudiantes.

```sql
mysql> select * from estudiantes;
+----+-------------------+----------------+-----------+
| id | nombre            | email          | ciudad    |
+----+-------------------+----------------+-----------+
|  1 | MarÃ­a LÃ³pez     | maria@uni.edu  | Madrid    |
|  2 | Juan PÃ©rez       | juan@uni.edu   | Barcelona |
|  3 | LucÃ­a FernÃ¡ndez | lucia@uni.edu  | Valencia  |
|  4 | Carlos Ruiz       | carlos@uni.edu | Sevilla   |
+----+-------------------+----------------+-----------+
4 rows in set (0.002 sec)
```

5. Ver los cursos y su nÃºmero de crÃ©ditos.

```sql
mysql> select nombre, creditos from cursos;
+----------------------+----------+
| nombre               | creditos |
+----------------------+----------+
| Ãlgebra Lineal      |        6 |
| ProgramaciÃ³n I      |        5 |
| MecÃ¡nica ClÃ¡sica   |        6 |
| Estructuras de Datos |        5 |
| CÃ¡lculo I           |        6 |
+----------------------+----------+
5 rows in set (0.001 sec)
```
---

### B. Consultas con `WHERE`. Obligatorio utilizar **WHERE** donde se **combine dos o mÃ¡s tablas**

1. Obtener los cursos impartidos por profesores del departamento de InformÃ¡tica.

```sql
mysql> select cursos.nombre, profesores.nombre from cursos, profesores where cursos.profesor_id=profesores.id and profesores.departamento='Informatica';
```

2. Obtener los estudiantes que viven en Madrid.

```sql
mysql> select nombre from estudiantes where ciudad='Madrid';
+---------------+
| nombre        |
+---------------+
| MarÃ­a LÃ³pez |
+---------------+
1 row in set (0.001 sec)
```

3. Mostrar los cursos con mÃ¡s de 5 crÃ©ditos.

```sql
mysql> select nombre, creditos from cursos where creditos>5;
+--------------------+----------+
| nombre             | creditos |
+--------------------+----------+
| Ãlgebra Lineal    |        6 |
| MecÃ¡nica ClÃ¡sica |        6 |
| CÃ¡lculo I         |        6 |
+--------------------+----------+
3 rows in set (0.002 sec)
```

4. Ver las matrÃ­culas realizadas despuÃ©s del aÃ±o 2022.

```sql
mysql> select * from matriculas where fecha>2022-12-31;
+----+---------------+----------+------------+
| id | estudiante_id | curso_id | fecha      |
+----+---------------+----------+------------+
|  1 |             1 |        1 | 2021-09-01 |
|  2 |             2 |        2 | 2022-09-01 |
|  3 |             3 |        3 | 2023-09-02 |
|  4 |             4 |        4 | 2024-09-03 |
|  5 |             1 |        5 | 2020-09-04 |
|  6 |             2 |        4 | 2022-09-05 |
|  7 |             3 |        1 | 2023-09-06 |
|  8 |             4 |        2 | 2024-09-06 |
+----+---------------+----------+------------+
8 rows in set, 1 warning (0.002 sec)
```

5. Ver los cursos impartidos por la profesora â€œDra. Ana Torresâ€.

```sql
mysql> select cursos.nombre , profesores.nombre from cursos, profesores where cursos.profesor_id=profesores.id and profesores.nombre='Dra. Ana Torres';
+-----------------+-----------------+
| nombre          | nombre          |
+-----------------+-----------------+
| Ãlgebra Lineal | Dra. Ana Torres |
| CÃ¡lculo I      | Dra. Ana Torres |
+-----------------+-----------------+
2 rows in set (0.005 sec)
```

---

### C. Consultas con `JOIN`.  Obligatorio utilizar **JOIN** donde se **combine dos o mÃ¡s tablas**

> (Devuelven el mismo resultado que las anteriores, pero usando combinaciones de tablas)

1. Mostrar cursos impartidos por profesores del departamento de InformÃ¡tica.

```sql
mysql> select cursos.nombre, profesores.nombre from cursos join profesores on cursos.profesor_id=profesores.id where profesores.departamento='Informtica';
```

2. Obtener estudiantes que viven en Madrid.

```sql
mysql> select estudiantes.nombre, estudiantes.ciudad, cursos.nombre from estudiantes join matriculas on estudiantes.id=matriculas.estudiante_id join cursos on matricu
las.curso_id=cursos.id where estudiantes.ciudad='Madrid';
+---------------+--------+-----------------+
| nombre        | ciudad | nombre          |
+---------------+--------+-----------------+
| MarÃ­a LÃ³pez | Madrid | Ãlgebra Lineal |
| MarÃ­a LÃ³pez | Madrid | CÃ¡lculo I      |
+---------------+--------+-----------------+
2 rows in set (0.001 sec)
```

3. Mostrar cursos con mÃ¡s de 5 crÃ©ditos.

```sql
mysql> select cursos.nombre, cursos.creditos, profesores.nombre from cursos join profesores on cursos.profesor_id=profesores.id where cursos.creditos > 5;
+--------------------+----------+------------------+
| nombre             | creditos | nombre           |
+--------------------+----------+------------------+
| Ãlgebra Lineal    |        6 | Dra. Ana Torres  |
| MecÃ¡nica ClÃ¡sica |        6 | Dra. Marta DÃ­az |
| CÃ¡lculo I         |        6 | Dra. Ana Torres  |
+--------------------+----------+------------------+
3 rows in set (0.023 sec)
```

4. Listar matrÃ­culas realizadas despuÃ©s del aÃ±o 2022.

```sql
mysql> SELECT estudiantes.nombre, cursos.nombre, matriculas.fecha FROM matriculas JOIN estudiantes ON matriculas.estudiante_id = estudiantes.id JOIN cursos ON matriculas.curso_id = cursos.id WHERE matriculas.fecha > '2022-12-31';
+-------------------+----------------------+------------+
| nombre            | nombre               | fecha      |
+-------------------+----------------------+------------+
| LucÃ­a FernÃ¡ndez | MecÃ¡nica ClÃ¡sica   | 2023-09-02 |
| Carlos Ruiz       | Estructuras de Datos | 2024-09-03 |
| LucÃ­a FernÃ¡ndez | Ãlgebra Lineal      | 2023-09-06 |
| Carlos Ruiz       | ProgramaciÃ³n I      | 2024-09-06 |
+-------------------+----------------------+------------+
4 rows in set (0.007 sec)
```

5. Mostrar los cursos impartidos por la profesora â€œDra. Ana Torresâ€.

```sql
mysql> SELECT cursos.nombre FROM cursos JOIN profesores ON cursos.profesor_id = profesores.id WHERE profesores.nombre = 'Dra. Ana Torres';
+-----------------+
| nombre          |
+-----------------+
| Ãlgebra Lineal |
| CÃ¡lculo I      |
+-----------------+
2 rows in set (0.009 sec)
```
---

### D. Consultas con Subconsultas

> (Devuelven el mismo resultado que las anteriores, pero usando subconsultas)

1. Cursos impartidos por profesores del departamento de InformÃ¡tica.

```sql
mysql> select * from cursos where profesor_id in (select id from profesores where departamento 
= 'Informatica');
```

2. Estudiantes que viven en Madrid.

```sql
mysql> select * from estudiantes  where id in (select id from estudiantes where ciudad = 'Madri
d');
+----+---------------+---------------+--------+
| id | nombre        | email         | ciudad |
+----+---------------+---------------+--------+
|  1 | MarÃ­a LÃ³pez | maria@uni.edu | Madrid |
+----+---------------+---------------+--------+
1 row in set (0.003 sec)
```

3. Cursos con mÃ¡s de 5 crÃ©ditos.

```sql
mysql> select * from cursos where id in (select id from cursos where creditos > 5);
+----+--------------------+-------------+----------+
| id | nombre             | profesor_id | creditos |
+----+--------------------+-------------+----------+
|  1 | Ãlgebra Lineal    |           1 |        6 |
|  3 | MecÃ¡nica ClÃ¡sica |           3 |        6 |
|  5 | CÃ¡lculo I         |           1 |        6 |
+----+--------------------+-------------+----------+
3 rows in set (0.002 sec)
```

4. MatrÃ­culas realizadas despuÃ©s del aÃ±o 2022.

```sql
mysql> select * from matriculas where id in (select id from matriculas where fecha > '2022-12-3
1');
+----+---------------+----------+------------+
| id | estudiante_id | curso_id | fecha      |
+----+---------------+----------+------------+
|  3 |             3 |        3 | 2023-09-02 |
|  4 |             4 |        4 | 2024-09-03 |
|  7 |             3 |        1 | 2023-09-06 |
|  8 |             4 |        2 | 2024-09-06 |
+----+---------------+----------+------------+
4 rows in set (0.001 sec)
```

5. Cursos impartidos por la profesora â€œDra. Ana Torresâ€.

```sql
mysql> SELECT nombre FROM cursos WHERE profesor_id = (SELECT id FROM profesores WHERE nombre = 'Dra. Ana Torres');
+-----------------+
| nombre          |
+-----------------+
| Ãlgebra Lineal |
| CÃ¡lculo I      |
+-----------------+
2 rows in set (0.006 sec)
```

---

## ðŸ“‚ Parte 2: Ãndices

1. Crear un Ã­ndice en la columna `ciudad` de la tabla `estudiantes`.

```sql
mysql> create index idx_ciudad on estudiantes(ciudad);
Query OK, 0 rows affected (0.201 sec)
Records: 0  Duplicates: 0  Warnings: 0
```

2. Crear un Ã­ndice en la columna `departamento` de la tabla `profesores`.

```sql
mysql> create index idx_departamento on profesores(departamento);
Query OK, 0 rows affected (0.052 sec)
Records: 0  Duplicates: 0  Warnings: 0
```

3. Consultar los Ã­ndices creados.

```sql
mysql> show index from estudiantes;
+-------------+------------+------------+--------------+-------------+-----------+-------------+----------+--------+------+------------+---------+---------------+---------+------------+     
| Table       | Non_unique | Key_name   | Seq_in_index | Column_name | Collation | Cardinality | Sub_part | Packed | Null | Index_type | Comment | Index_comment | Visible | Expression |     
+-------------+------------+------------+--------------+-------------+-----------+-------------+----------+--------+------+------------+---------+---------------+---------+------------+     
| estudiantes |          0 | PRIMARY    |            1 | id          | A         |           4 |     NULL |   NULL |      | BTREE      |         |               | YES     | NULL       |     
| estudiantes |          1 | idx_ciudad |            1 | ciudad      | A         |           4 |     NULL |   NULL | YES  | BTREE      |         |               | YES     | NULL       |     
+-------------+------------+------------+--------------+-------------+-----------+-------------+----------+--------+------+------------+---------+---------------+---------+------------+     
2 rows in set (0.016 sec)
```
```sql
mysql> show index from profesores;
+------------+------------+------------------+--------------+--------------+-----------+-------------+----------+--------+------+------------+---------+---------------+---------+------------+
| Table      | Non_unique | Key_name         | Seq_in_index | Column_name  | Collation | Cardinality | Sub_part | Packed | Null | Index_type | Comment | Index_comment | Visible | Expression |
+------------+------------+------------------+--------------+--------------+-----------+-------------+----------+--------+------+------------+---------+---------------+---------+------------+
| profesores |          0 | PRIMARY          |            1 | id           | A         |           2 |     NULL |   NULL |      | BTREE      |         |               | YES     | NULL       |
| profesores |          1 | idx_departamento |            1 | departamento | A         |           2 |     NULL |   NULL | YES  | BTREE      |         |               | YES     | NULL       |
+------------+------------+------------------+--------------+--------------+-----------+-------------+----------+--------+------+------------+---------+---------------+---------+------------+
2 rows in set (0.008 sec)
```

4. Eliminar ambos Ã­ndices.

```sql
mysql> DROP INDEX idx_ciudad ON estudiantes;
Query OK, 0 rows affected (0.027 sec)
Records: 0  Duplicates: 0  Warnings: 0
```
```sql
mysql> DROP INDEX idx_departamento ON profesores;
Query OK, 0 rows affected (0.014 sec)
Records: 0  Duplicates: 0  Warnings: 0
```
---

## ðŸªž Parte 3: Vistas

1. Crear una vista llamada `vista_matriculas_completas` que muestre:
   - nombre del estudiante,
   - nombre del curso,
   - fecha de la matrÃ­cula.

```sql
mysql> CREATE VIEW vista_matriculas_completas AS SELECT estudiantes.nombre AS nombre_estudiante, cursos.nombre AS nombre_curso, matriculas.fecha FROM matriculas JOIN estudiantes ON matriculas.estudiante_id = estudiantes.id JOIN cursos ON matriculas.curso_id = cursos.id;
Query OK, 0 rows affected (0.013 sec)
```

2. Consultar datos desde la vista, mostrando el nombre del estudiante y la fecha de matrÃ­cula.

```sql
mysql> SELECT nombre_estudiante, fecha FROM vista_matriculas_completas;
+-------------------+------------+
| nombre_estudiante | fecha      |
+-------------------+------------+
| MarÃ­a LÃ³pez     | 2021-09-01 |
| Juan PÃ©rez       | 2022-09-01 |
| LucÃ­a FernÃ¡ndez | 2023-09-02 |
| Carlos Ruiz       | 2024-09-03 |
| MarÃ­a LÃ³pez     | 2020-09-04 |
| Juan PÃ©rez       | 2022-09-05 |
| LucÃ­a FernÃ¡ndez | 2023-09-06 |
| Carlos Ruiz       | 2024-09-06 |
+-------------------+------------+
8 rows in set (0.007 sec)
```

3. Eliminar la vista.

```sql
mysql> DROP VIEW vista_matriculas_completas;
Query OK, 0 rows affected (0.010 sec)
```

---

## âš™ Parte 4: Procedimiento Almacenado

1. Crear un procedimiento llamado `cursos_por_profesor` que reciba el nombre del profesor como parÃ¡metro y devuelva los cursos que imparte y su nÃºmero de crÃ©ditos.

```sql
mysql> DELIMITER //
mysql> create procedure cursos_por_profesor (in nombre_profesor varchar(100)) begin select cursos.nombre, cursos.creditos from cursos join profesores on cursos.profesor_id=profesores.id where profesores.nombre = nombre_profesor;
    -> END//
Query OK, 0 rows affected (0.071 sec)

mysql> DELIMITER ;
```

2. Ejecutar el procedimiento con el nombre â€œDr. Luis GÃ³mezâ€.

```sql
mysql> CALL cursos_por_profesor('Dra. Ana Torres');
+-----------------+----------+
| nombre          | creditos |
+-----------------+----------+
| Ãlgebra Lineal |        6 |
| CÃ¡lculo I      |        6 |
+-----------------+----------+
2 rows in set (0.004 sec)

Query OK, 0 rows affected (0.004 sec)
```
Mi consola no toma acentos ni idea porque

3. Eliminar el procedimiento.

```sql
mysql> DROP PROCEDURE IF EXISTS cursos_por_profesor;
Query OK, 0 rows affected (0.023 sec)
```

---

## ðŸ”¢ Parte 5: FunciÃ³n Definida por el Usuario

1. Crear una funciÃ³n llamada `total_creditos_estudiante` que reciba el ID de un estudiante y devuelva el total de crÃ©ditos que ha matriculado.

```sql
mysql> DELIMITER //
mysql> 
mysql> CREATE FUNCTION total_creditos_estudiante(estudianteID INT) RETURNS INT
    -> DETERMINISTIC
    -> BEGIN
    ->     DECLARE total INT;
    ->
    ->     SELECT SUM(c.creditos) INTO total
    ->     FROM matriculas m
    ->     JOIN cursos c ON m.curso_id = c.id
    ->     WHERE m.estudiante_id = estudianteID;
    ->
    ->     RETURN IFNULL(total, 0);
    -> END //
Query OK, 0 rows affected (0.047 sec)

mysql>
mysql> DELIMITER ;
```

2. Ejecutar la funciÃ³n para un estudiante especÃ­fico.

```sql
mysql> SELECT total_creditos_estudiante(1) AS total_creditos;
+----------------+
| total_creditos |
+----------------+
|             12 |
+----------------+
1 row in set (0.040 sec)
```

3. Eliminar la funciÃ³n.

```sql
mysql> DROP FUNCTION IF EXISTS total_creditos_estudiante;
Query OK, 0 rows affected (0.017 sec)
```